customer_id,tenure,contract,monthly_charges,total_charges,num_products,support_calls,complaints,auto_pay,age,is_active,churn
CUST-00001,18,month-to-month,60.38,1049.18,3,0,0,1,47,1,0
CUST-00002,25,month-to-month,26.85,673.58,1,0,0,1,43,1,1
CUST-00003,28,two-year,58.95,1580.95,1,1,0,1,28,1,0
CUST-00004,14,month-to-month,59.22,795.98,1,2,2,1,28,0,1
CUST-00005,39,two-year,85.61,3437.05,1,1,0,0,18,1,0
CUST-00006,15,month-to-month,54.97,808.98,2,0,0,1,18,1,0
CUST-00007,21,month-to-month,60.33,1261.65,1,1,0,0,43,1,0
CUST-00008,31,two-year,60.63,1862.2,1,2,3,1,79,1,0
CUST-00009,27,month-to-month,86.43,2359.45,4,2,1,0,71,1,1
CUST-00010,12,month-to-month,92.4,1125.21,3,2,1,0,30,0,0
CUST-00011,46,two-year,80.95,3656.52,2,0,2,1,47,1,0
CUST-00012,10,month-to-month,84.89,808.49,3,2,1,0,23,1,0
CUST-00013,22,month-to-month,74.4,1509.96,3,2,1,0,25,1,1
CUST-00014,32,two-year,48.56,1534.63,1,1,0,1,27,1,0
CUST-00015,9,month-to-month,42.38,385.54,2,0,0,0,41,1,0
CUST-00016,23,month-to-month,52.49,1170.52,2,2,0,0,42,1,0
CUST-00017,13,month-to-month,43.8,534.16,1,0,0,0,48,1,1
CUST-00018,7,month-to-month,34.77,231.63,1,1,0,0,54,1,1
CUST-00019,25,month-to-month,62.92,1535.4,1,0,0,1,39,1,0
CUST-00020,10,one-year,88.54,896.06,2,1,1,1,45,1,0
CUST-00021,8,month-to-month,62.65,470.57,3,1,0,0,28,1,1
CUST-00022,21,one-year,84.1,1743.73,3,1,1,0,24,1,0
CUST-00023,27,month-to-month,36.39,985.35,1,1,1,0,22,1,0
CUST-00024,24,month-to-month,49.51,1215.53,1,1,0,0,54,1,1
CUST-00025,18,month-to-month,54.57,916.29,2,0,1,0,39,1,1
CUST-00026,8,one-year,77.83,636.28,2,0,0,1,18,1,0
CUST-00027,10,month-to-month,66.78,658.56,3,0,0,0,44,1,0
CUST-00028,12,month-to-month,97.21,1171.58,3,0,0,0,26,1,0
CUST-00029,19,two-year,74.58,1312.04,3,0,0,1,69,1,0
CUST-00030,7,one-year,67.31,459.71,3,1,3,1,36,1,0
CUST-00031,16,month-to-month,68.44,1082.44,4,2,1,0,55,1,0
CUST-00032,36,two-year,71.56,2457.02,2,3,1,1,61,1,1
CUST-00033,11,month-to-month,71.11,756.77,1,1,1,1,30,1,0
CUST-00034,27,month-to-month,59.92,1587.06,1,1,0,0,46,1,0
CUST-00035,4,month-to-month,95.3,373.87,1,1,1,1,53,1,0
CUST-00036,6,month-to-month,80.74,447.92,1,0,0,1,46,0,1
CUST-00037,16,month-to-month,49.46,766.31,1,3,2,0,50,1,1
CUST-00038,15,one-year,85.28,1206.95,4,2,1,1,25,1,0
CUST-00039,23,month-to-month,63.45,1489.76,1,2,0,0,53,1,0
CUST-00040,32,two-year,75.92,2496.06,4,2,0,1,37,1,0
CUST-00041,23,two-year,99.99,2191.59,3,0,0,1,50,1,0
CUST-00042,9,one-year,73.51,621.41,2,0,0,1,58,1,0
CUST-00043,15,one-year,71.62,1014.3,2,0,0,0,55,1,0
CUST-00044,26,one-year,67.37,1703.54,1,2,1,0,50,1,0
CUST-00045,36,two-year,98.01,3585.5,2,0,1,0,54,1,0
CUST-00046,10,month-to-month,58.08,566.28,1,1,0,0,55,1,0
CUST-00047,2,month-to-month,88.97,164.79,4,3,1,1,67,1,0
CUST-00048,4,month-to-month,82.16,303.79,1,2,1,1,44,0,0
CUST-00049,20,month-to-month,72.42,1368.76,1,3,0,1,47,1,0
CUST-00050,11,month-to-month,61.22,681.98,2,0,0,1,58,1,0
CUST-00051,16,one-year,67.09,1060.95,2,0,0,1,37,1,0
CUST-00052,6,month-to-month,70.52,415.47,2,0,1,0,24,1,0
CUST-00053,18,two-year,73.51,1263.75,2,0,0,0,52,1,0
CUST-00054,27,month-to-month,30.58,844.02,1,1,1,1,41,1,0
CUST-00055,20,month-to-month,39.24,750.61,2,3,1,1,26,1,1
CUST-00056,9,month-to-month,39.03,355.43,1,1,1,1,52,1,0
CUST-00057,15,month-to-month,37.63,574.92,1,0,0,1,66,1,0
CUST-00058,17,month-to-month,43.41,718.17,1,2,1,1,20,1,1
CUST-00059,42,month-to-month,66.42,2840.89,1,0,2,0,60,1,1
CUST-00060,5,month-to-month,51.96,246.93,1,1,0,0,18,1,0
CUST-00061,17,month-to-month,70.54,1190.1,2,2,3,1,38,0,1
CUST-00062,26,month-to-month,32.96,796.7,1,1,0,1,72,1,0
CUST-00063,39,month-to-month,46.69,1770.17,1,2,2,0,40,1,0
CUST-00064,8,month-to-month,77.57,585.75,2,1,1,0,46,1,0
CUST-00065,10,month-to-month,65.71,609.07,1,1,1,1,56,1,0
CUST-00066,23,month-to-month,53.96,1142.3,2,0,0,0,19,1,1
CUST-00067,3,month-to-month,93.91,269.26,4,1,3,1,46,1,1
CUST-00068,18,month-to-month,94.58,1676.65,1,1,0,1,45,1,0
CUST-00069,57,one-year,78.68,4350.56,3,0,0,0,72,0,1
CUST-00070,32,two-year,42.52,1296.95,1,0,1,1,26,1,0
CUST-00071,13,two-year,51.87,693.89,1,1,1,1,39,0,1
CUST-00072,7,month-to-month,68.66,491.84,2,1,1,0,31,1,0
CUST-00073,8,month-to-month,76.28,569.86,3,1,0,1,29,1,0
CUST-00074,31,month-to-month,78.44,2348.14,3,3,2,0,61,1,1
CUST-00075,18,one-year,29.02,517.85,1,1,0,0,45,1,0
CUST-00076,7,one-year,61.67,431.99,3,0,1,0,36,1,1
CUST-00077,26,two-year,52.31,1306.07,1,1,2,1,37,1,0
CUST-00078,28,two-year,52.03,1459.89,1,0,2,0,36,1,0
CUST-00079,9,month-to-month,44.81,376.53,1,4,1,1,37,1,1
CUST-00080,11,one-year,87.81,923.89,4,0,0,0,26,1,0
CUST-00081,67,two-year,56.1,3754.22,1,0,0,0,41,1,0
CUST-00082,27,month-to-month,95.01,2536.6,3,3,1,0,39,1,1
CUST-00083,40,two-year,65.21,2639.94,2,0,0,1,33,1,0
CUST-00084,13,month-to-month,74.18,892.16,2,1,1,1,47,1,0
CUST-00085,20,two-year,57.25,1075.36,2,1,2,1,48,1,0
CUST-00086,15,one-year,89.3,1239.49,3,0,0,1,36,1,0
CUST-00087,4,month-to-month,61.76,232.5,1,3,1,0,42,1,1
CUST-00088,46,one-year,70.58,2988.48,1,1,0,0,77,1,0
CUST-00089,13,month-to-month,79.84,1012.45,2,0,2,1,76,1,0
CUST-00090,40,one-year,65.6,2566.57,1,0,0,1,29,1,0
CUST-00091,15,one-year,53.23,792.36,1,0,1,0,31,1,1
CUST-00092,25,one-year,59.41,1429.32,1,1,2,1,29,1,0
CUST-00093,29,two-year,74.14,1978.81,1,0,0,1,60,1,0
CUST-00094,4,month-to-month,43.26,172.02,1,1,0,1,39,1,1
CUST-00095,45,month-to-month,43.69,1820.51,1,2,1,1,48,1,0
CUST-00096,10,month-to-month,82.27,835.27,3,2,0,0,74,1,1
CUST-00097,5,month-to-month,62.48,288.19,1,0,0,1,44,1,1
CUST-00098,23,month-to-month,76.17,1713.99,4,4,2,1,55,1,1
CUST-00099,14,month-to-month,89.65,1278.25,4,5,1,1,52,1,1
CUST-00100,19,month-to-month,53.31,995.64,1,3,2,0,36,1,1
CUST-00101,16,month-to-month,27.12,428.25,2,1,1,0,60,1,0
CUST-00102,13,two-year,63.05,815.53,2,1,0,0,32,1,0
CUST-00103,7,month-to-month,64.17,419.3,2,0,1,1,65,1,1
CUST-00104,18,two-year,52.11,932.58,1,1,3,0,36,1,0
CUST-00105,28,month-to-month,80.49,2291.67,1,3,2,1,37,1,1
CUST-00106,15,month-to-month,33.12,510.3,1,0,1,1,28,1,0
CUST-00107,21,month-to-month,52.16,1061.11,2,2,2,0,31,1,1
CUST-00108,11,month-to-month,43.98,463.41,4,2,0,0,38,1,0
CUST-00109,22,month-to-month,58.34,1287.16,2,3,2,1,18,1,1
CUST-00110,13,month-to-month,59.88,762.65,2,2,0,0,41,1,1
CUST-00111,12,month-to-month,81.82,931.08,4,1,1,0,37,1,1
CUST-00112,17,month-to-month,86.94,1387.73,2,2,1,1,56,1,0
CUST-00113,21,one-year,70.49,1389.59,1,0,0,1,51,1,0
CUST-00114,67,month-to-month,80.4,5227.94,3,3,1,1,34,1,0
CUST-00115,19,two-year,48.33,861.99,1,1,2,1,38,1,1
CUST-00116,3,month-to-month,73.47,203.26,1,1,0,1,41,1,0
CUST-00117,30,two-year,66.64,1850.72,2,0,0,1,67,0,0
CUST-00118,13,one-year,76.27,1013.61,4,4,2,0,32,0,0
CUST-00119,13,two-year,24.11,290.87,1,0,1,0,34,1,0
CUST-00120,17,two-year,59.06,931.78,2,2,1,1,28,1,0
CUST-00121,58,month-to-month,68.58,3856.84,1,4,1,1,22,1,1
CUST-00122,6,month-to-month,95.98,545.34,1,1,1,1,49,1,0
CUST-00123,2,month-to-month,56.11,115.13,1,1,0,1,48,1,1
CUST-00124,67,two-year,53.22,3637.8,2,1,2,1,64,1,0
CUST-00125,10,one-year,57.67,556.24,3,0,1,0,60,1,0
CUST-00126,72,month-to-month,64.94,4532.42,1,2,1,1,80,1,0
CUST-00127,23,two-year,23.24,513.81,1,0,0,0,43,1,0
CUST-00128,45,month-to-month,64.91,2699.44,1,2,2,0,41,1,0
CUST-00129,17,one-year,69.72,1128.6,1,0,0,0,25,1,0
CUST-00130,25,one-year,74.85,1746.8,2,1,1,0,55,1,0
CUST-00131,13,month-to-month,63.05,763.31,2,1,0,0,46,1,0
CUST-00132,17,one-year,77.17,1287.88,2,2,0,1,54,1,0
CUST-00133,29,two-year,58.08,1567.87,1,0,0,1,27,1,0
CUST-00134,21,month-to-month,52.99,1036.37,2,2,0,0,50,1,0
CUST-00135,16,month-to-month,88.31,1374.61,1,3,2,1,48,1,0
CUST-00136,15,month-to-month,48.67,707.16,1,1,1,1,47,1,1
CUST-00137,13,one-year,104.96,1275.98,4,1,1,0,34,1,0
CUST-00138,13,month-to-month,35.46,424.33,3,0,0,0,62,1,0
CUST-00139,53,two-year,101.98,5087.28,3,1,1,1,75,1,0
CUST-00140,19,two-year,105.44,1895.07,3,0,1,1,28,1,0
CUST-00141,18,month-to-month,67.54,1225.48,2,1,0,0,55,1,0
CUST-00142,33,month-to-month,89.06,2999.81,3,0,0,0,18,1,0
CUST-00143,26,one-year,65.05,1631.52,1,1,1,0,55,1,1
CUST-00144,33,one-year,43.43,1382.39,1,1,1,0,18,1,0
CUST-00145,5,month-to-month,64.85,323.72,1,2,0,0,37,1,0
CUST-00146,18,month-to-month,40.44,719.88,1,1,1,1,25,1,0
CUST-00147,11,month-to-month,44.04,455.5,1,1,0,0,41,1,1
CUST-00148,24,two-year,75.28,1683.58,1,2,0,1,57,1,0
CUST-00149,39,month-to-month,84.54,3192.01,2,1,1,1,18,1,0
CUST-00150,24,two-year,66.29,1562.53,3,0,0,1,39,1,1
CUST-00151,18,month-to-month,53.8,905.7,2,3,4,0,37,1,1
CUST-00152,14,two-year,43.38,578.33,1,0,1,0,68,1,0
CUST-00153,45,month-to-month,80.19,3441.31,2,1,0,1,51,0,0
CUST-00154,27,month-to-month,37.0,947.79,1,3,0,0,27,1,0
CUST-00155,26,two-year,61.42,1550.1,1,2,1,1,37,1,1
CUST-00156,23,two-year,68.44,1561.27,1,0,0,1,68,1,0
CUST-00157,22,month-to-month,53.41,1146.86,1,0,0,0,55,1,0
CUST-00158,33,month-to-month,73.18,2275.26,1,1,0,0,31,1,1
CUST-00159,45,month-to-month,73.52,3081.19,3,0,0,0,40,1,0
CUST-00160,26,month-to-month,75.15,1974.23,3,1,1,1,41,1,1
CUST-00161,15,month-to-month,49.41,720.93,2,0,0,0,36,0,0
CUST-00162,41,two-year,73.31,2785.8,1,2,1,1,19,1,0
CUST-00163,26,month-to-month,65.2,1607.72,3,1,1,1,34,1,1
CUST-00164,20,one-year,73.3,1478.38,2,1,0,1,65,1,0
CUST-00165,25,month-to-month,53.72,1346.61,1,4,2,0,39,1,1
CUST-00166,25,month-to-month,48.05,1220.88,2,0,1,0,43,1,0
CUST-00167,19,one-year,56.04,1050.1,2,1,1,0,47,1,1
CUST-00168,9,month-to-month,79.89,694.94,1,2,0,1,78,0,1
CUST-00169,28,one-year,58.63,1587.35,1,0,0,0,45,1,0
CUST-00170,6,month-to-month,48.84,275.85,2,1,0,1,61,1,1
CUST-00171,16,two-year,60.5,959.86,1,2,0,1,36,1,0
CUST-00172,23,one-year,52.37,1185.67,1,1,2,0,41,1,1
CUST-00173,35,two-year,117.17,3842.73,1,1,0,1,45,1,1
CUST-00174,18,month-to-month,96.13,1760.49,4,2,1,0,33,1,0
CUST-00175,20,month-to-month,48.15,924.99,1,2,0,0,41,1,0
CUST-00176,22,month-to-month,80.56,1640.23,1,4,0,1,58,0,1
CUST-00177,39,month-to-month,21.86,815.09,1,2,2,0,32,1,1
CUST-00178,27,month-to-month,80.7,2213.07,3,0,0,1,45,1,0
CUST-00179,26,month-to-month,102.9,2731.22,2,2,1,0,55,1,0
CUST-00180,17,month-to-month,76.91,1273.4,3,2,1,1,32,1,1
CUST-00181,18,month-to-month,23.8,439.19,1,4,3,0,61,1,1
CUST-00182,13,month-to-month,47.87,632.44,1,1,1,1,46,1,1
CUST-00183,19,month-to-month,93.18,1789.5,2,2,0,0,42,1,1
CUST-00184,5,month-to-month,61.77,313.35,1,1,0,1,18,1,0
CUST-00185,44,one-year,63.9,2704.78,3,1,1,1,39,1,0
CUST-00186,7,month-to-month,66.67,468.19,3,2,2,1,50,1,0
CUST-00187,27,month-to-month,56.93,1511.76,2,2,0,1,71,1,0
CUST-00188,36,month-to-month,97.5,3507.07,4,3,1,0,53,1,0
CUST-00189,32,one-year,91.09,2738.69,2,1,0,1,61,1,1
CUST-00190,61,month-to-month,73.94,4512.38,1,3,0,0,26,1,0
CUST-00191,6,one-year,75.21,462.69,2,0,0,1,43,1,1
CUST-00192,22,two-year,31.03,650.77,1,1,0,1,63,1,0
CUST-00193,35,month-to-month,55.1,1983.42,3,3,0,0,31,1,0
CUST-00194,16,two-year,64.6,993.93,1,0,0,1,59,1,0
CUST-00195,12,one-year,30.78,347.93,1,1,1,0,55,1,0
CUST-00196,21,month-to-month,62.94,1232.33,2,0,0,1,49,1,1
CUST-00197,15,month-to-month,60.47,912.81,1,1,0,0,40,1,0
CUST-00198,25,one-year,34.52,846.63,1,1,0,1,30,1,0
CUST-00199,28,two-year,48.56,1296.84,2,0,0,0,71,1,0
CUST-00200,17,month-to-month,53.31,894.42,1,1,0,1,54,1,0
CUST-00201,8,month-to-month,76.07,582.11,2,2,1,0,50,1,1
CUST-00202,22,one-year,74.11,1580.4,1,0,0,0,38,1,0
CUST-00203,10,month-to-month,65.93,669.12,1,1,2,0,45,1,1
CUST-00204,17,one-year,56.33,951.38,1,0,0,0,47,1,0
CUST-00205,26,month-to-month,65.57,1711.41,3,3,0,1,50,1,0
CUST-00206,9,one-year,71.72,635.27,4,0,0,0,56,1,0
CUST-00207,12,two-year,45.8,565.57,1,1,0,1,33,1,0
CUST-00208,30,one-year,98.38,2793.66,4,0,0,0,23,1,0
CUST-00209,22,one-year,73.06,1525.11,2,1,0,1,46,1,0
CUST-00210,41,one-year,29.2,1113.61,2,1,0,0,18,1,0
CUST-00211,19,two-year,52.86,985.2,2,0,0,1,40,1,0
CUST-00212,25,two-year,88.68,2189.22,2,1,2,1,37,0,1
CUST-00213,16,month-to-month,80.43,1286.69,3,1,1,0,52,1,1
CUST-00214,14,one-year,41.49,555.82,2,0,0,1,74,1,0
CUST-00215,6,month-to-month,109.4,604.77,2,2,2,0,18,1,1
CUST-00216,38,two-year,54.48,2048.6,1,1,0,1,79,1,0
CUST-00217,8,one-year,61.92,510.15,1,0,1,1,41,1,0
CUST-00218,5,month-to-month,74.19,353.29,2,1,0,1,50,1,0
CUST-00219,13,month-to-month,48.38,591.35,1,3,3,1,23,1,1
CUST-00220,28,month-to-month,41.9,1115.71,1,3,1,1,59,1,0
CUST-00221,14,one-year,93.19,1261.34,1,1,1,0,45,1,1
CUST-00222,8,month-to-month,73.06,553.85,1,2,1,0,44,1,1
CUST-00223,12,month-to-month,81.79,940.42,2,5,0,1,18,1,0
CUST-00224,31,two-year,77.37,2374.97,2,1,1,1,46,1,0
CUST-00225,16,one-year,36.94,566.19,1,0,0,1,57,0,0
CUST-00226,31,month-to-month,78.0,2329.9,1,1,1,0,41,1,0
CUST-00227,32,month-to-month,39.82,1177.91,1,3,0,0,62,1,1
CUST-00228,25,two-year,60.1,1534.01,1,1,0,1,61,1,0
CUST-00229,56,one-year,37.49,2025.45,2,2,0,0,35,1,0
CUST-00230,20,one-year,30.26,578.63,2,0,1,0,68,1,0
CUST-00231,31,month-to-month,72.73,2095.71,2,1,0,0,45,1,0
CUST-00232,19,month-to-month,52.44,986.16,2,1,0,1,45,0,1
CUST-00233,18,month-to-month,55.19,1008.34,4,0,0,1,46,1,0
CUST-00234,8,one-year,88.73,656.27,3,0,0,1,46,1,0
CUST-00235,5,month-to-month,105.16,492.14,2,0,0,1,18,1,0
CUST-00236,11,month-to-month,92.01,947.44,2,1,1,0,42,1,0
CUST-00237,36,one-year,50.37,1788.39,1,1,0,0,24,1,0
CUST-00238,31,two-year,91.16,2886.25,4,0,0,1,69,1,0
CUST-00239,16,one-year,70.98,1099.51,1,0,0,1,68,1,1
CUST-00240,23,month-to-month,75.2,1656.64,1,1,0,1,57,1,0
CUST-00241,31,month-to-month,84.82,2640.58,4,1,0,1,41,1,0
CUST-00242,15,month-to-month,67.62,1016.01,2,1,0,1,29,1,0
CUST-00243,17,month-to-month,60.41,972.69,1,2,0,1,35,1,0
CUST-00244,16,month-to-month,64.97,974.75,1,2,1,1,74,1,0
CUST-00245,14,month-to-month,52.6,706.47,1,0,1,1,34,1,0
CUST-00246,12,one-year,64.84,782.22,2,0,0,0,18,1,0
CUST-00247,19,two-year,79.84,1511.59,1,0,0,1,60,1,0
CUST-00248,35,two-year,112.77,3920.28,4,2,0,1,67,1,0
CUST-00249,31,month-to-month,99.59,3121.98,4,0,0,1,69,1,0
CUST-00250,11,month-to-month,97.94,1023.99,2,2,1,1,60,1,0
CUST-00251,11,month-to-month,60.04,632.28,2,3,2,0,63,1,1
CUST-00252,2,month-to-month,84.21,155.73,1,0,1,0,45,1,1
CUST-00253,1,month-to-month,64.77,65.78,1,3,2,1,18,1,1
CUST-00254,37,month-to-month,125.88,4583.35,2,1,0,0,45,1,0
CUST-00255,13,one-year,33.54,415.44,1,0,0,1,54,1,0
CUST-00256,64,month-to-month,42.59,2528.51,1,1,0,0,42,1,0
CUST-00257,21,two-year,62.54,1312.78,1,0,0,1,42,1,0
CUST-00258,3,month-to-month,62.15,186.89,1,0,0,0,30,1,1
CUST-00259,16,month-to-month,90.1,1431.91,1,2,1,0,29,1,0
CUST-00260,26,month-to-month,54.97,1346.92,2,3,0,0,72,1,0
CUST-00261,24,month-to-month,95.29,2333.74,3,3,1,0,73,1,0
CUST-00262,28,month-to-month,87.92,2468.77,2,1,1,0,44,1,0
CUST-00263,18,two-year,91.68,1637.62,3,1,0,1,49,1,0
CUST-00264,36,month-to-month,37.7,1345.8,1,2,1,1,30,1,0
CUST-00265,37,month-to-month,104.34,3935.78,3,2,1,0,54,1,0
CUST-00266,44,one-year,89.13,4008.44,2,1,0,0,71,1,1
CUST-00267,18,month-to-month,65.79,1167.07,1,1,2,0,22,1,1
CUST-00268,16,one-year,94.68,1463.12,4,0,0,1,51,1,0
CUST-00269,10,month-to-month,59.07,567.08,1,1,1,1,53,1,0
CUST-00270,15,two-year,53.58,811.82,1,0,1,0,52,0,1
CUST-00271,9,month-to-month,66.53,593.33,1,1,0,1,69,1,0
CUST-00272,0,month-to-month,55.56,0.0,1,3,0,0,75,1,0
CUST-00273,7,one-year,39.73,260.21,1,1,0,1,41,1,1
CUST-00274,30,two-year,48.13,1471.36,2,0,0,1,55,1,0
CUST-00275,12,month-to-month,65.46,799.11,3,4,1,1,46,0,1
CUST-00276,22,one-year,59.0,1330.06,1,0,0,0,35,0,0
CUST-00277,24,month-to-month,66.51,1543.67,2,3,0,0,49,1,0
CUST-00278,19,month-to-month,58.88,1125.71,1,1,0,1,55,1,0
CUST-00279,18,month-to-month,88.01,1601.77,3,2,1,1,48,1,0
CUST-00280,19,one-year,43.71,792.89,1,2,0,1,31,1,1
CUST-00281,7,month-to-month,81.38,533.19,1,2,3,0,38,1,1
CUST-00282,9,one-year,62.18,576.23,2,1,0,0,38,0,0
CUST-00283,9,month-to-month,59.2,491.95,2,0,1,0,32,1,1
CUST-00284,26,two-year,87.68,2247.1,3,0,1,1,49,1,0
CUST-00285,27,two-year,33.94,908.61,2,1,0,1,51,1,0
CUST-00286,28,month-to-month,64.77,1804.49,3,5,3,0,59,1,1
CUST-00287,13,month-to-month,72.66,895.57,1,1,1,1,32,1,0
CUST-00288,22,month-to-month,23.73,521.73,1,1,1,0,36,1,1
CUST-00289,15,two-year,75.12,1063.48,1,0,1,1,68,1,0
CUST-00290,18,month-to-month,82.2,1496.16,1,1,1,1,42,0,1
CUST-00291,17,month-to-month,48.35,776.01,1,0,0,1,45,1,0
CUST-00292,36,month-to-month,72.25,2592.25,2,2,3,0,42,1,1
CUST-00293,17,one-year,75.14,1285.27,1,1,1,0,61,1,0
CUST-00294,11,month-to-month,58.6,606.43,2,2,1,0,62,1,0
CUST-00295,24,month-to-month,82.62,1876.16,2,1,1,1,61,1,0
CUST-00296,17,two-year,54.92,938.96,2,1,0,1,45,1,0
CUST-00297,17,month-to-month,58.4,922.77,2,1,0,0,31,1,0
CUST-00298,16,two-year,40.61,611.41,1,0,0,0,73,1,0
CUST-00299,47,month-to-month,61.17,2789.05,1,0,0,1,57,1,0
CUST-00300,10,month-to-month,87.84,898.01,2,0,0,1,38,1,0
CUST-00301,16,two-year,63.69,1000.5,2,0,1,1,66,1,0
CUST-00302,14,one-year,32.12,432.88,1,0,0,1,36,1,0
CUST-00303,22,one-year,35.51,802.8,1,1,3,0,66,1,0
CUST-00304,21,month-to-month,74.1,1510.99,2,2,4,0,67,1,1
CUST-00305,35,month-to-month,100.19,3393.42,2,2,4,1,31,1,1
CUST-00306,8,month-to-month,62.09,479.47,1,1,0,1,53,1,0
CUST-00307,25,month-to-month,48.04,1146.16,1,3,4,0,56,1,1
CUST-00308,2,month-to-month,92.79,177.38,3,0,1,0,84,1,0
CUST-00309,5,month-to-month,50.69,252.35,1,3,1,0,33,1,1
CUST-00310,3,month-to-month,72.19,200.22,3,4,1,1,66,1,0
CUST-00311,7,month-to-month,37.75,262.93,1,2,1,1,45,1,0
CUST-00312,24,month-to-month,92.35,2088.14,2,2,0,0,26,1,0
CUST-00313,8,month-to-month,15.0,115.47,1,2,2,0,43,1,1
CUST-00314,22,two-year,69.36,1428.44,1,1,1,1,45,1,1
CUST-00315,23,one-year,70.65,1593.76,3,0,0,1,29,1,0
CUST-00316,21,month-to-month,59.61,1252.1,2,1,0,0,49,1,0
CUST-00317,15,one-year,121.46,1747.22,4,1,1,1,59,1,0
CUST-00318,17,two-year,42.15,672.11,1,0,0,0,48,1,0
CUST-00319,42,month-to-month,66.76,2649.47,3,3,4,0,36,1,1
CUST-00320,10,month-to-month,76.65,774.16,3,2,0,1,42,1,1
CUST-00321,11,month-to-month,74.45,777.55,2,3,0,1,44,1,0
CUST-00322,12,month-to-month,47.05,567.55,1,1,1,1,48,1,1
CUST-00323,27,one-year,38.67,998.6,2,0,0,1,61,1,0
CUST-00324,15,two-year,51.42,725.61,2,1,2,1,49,1,0
CUST-00325,53,month-to-month,114.06,6045.2,4,3,0,1,23,1,0
CUST-00326,16,one-year,56.35,875.94,1,1,0,0,36,1,0
CUST-00327,23,month-to-month,63.12,1340.61,1,1,0,1,47,1,0
CUST-00328,9,one-year,50.29,464.19,1,0,1,0,61,1,1
CUST-00329,21,one-year,55.13,1083.93,2,0,0,0,64,1,0
CUST-00330,48,month-to-month,121.2,5578.35,4,0,0,0,71,1,0
CUST-00331,43,month-to-month,51.61,2135.63,1,1,0,1,46,1,0
CUST-00332,27,one-year,59.02,1551.85,2,1,0,1,56,1,0
CUST-00333,18,two-year,98.73,1788.51,3,0,0,1,23,1,1
CUST-00334,33,month-to-month,42.0,1276.05,1,4,3,1,51,1,0
CUST-00335,2,month-to-month,44.29,90.58,1,2,1,0,28,0,0
CUST-00336,6,month-to-month,67.18,399.48,2,3,0,1,44,1,0
CUST-00337,19,one-year,67.0,1304.28,2,1,2,1,88,1,0
CUST-00338,7,one-year,59.67,421.83,1,1,0,0,49,1,1
CUST-00339,14,one-year,116.65,1669.13,3,0,1,1,32,1,0
CUST-00340,31,one-year,73.05,2233.1,2,0,0,1,51,1,0
CUST-00341,20,two-year,36.2,694.54,3,3,0,1,37,1,0
CUST-00342,38,two-year,84.87,3124.18,3,2,1,1,30,0,0
CUST-00343,63,month-to-month,79.68,4981.61,3,1,0,0,76,1,0
CUST-00344,24,one-year,67.78,1572.98,2,0,0,0,61,1,0
CUST-00345,26,month-to-month,59.43,1545.93,1,1,1,0,50,1,1
CUST-00346,34,month-to-month,66.48,2102.33,2,4,3,0,39,1,1
CUST-00347,22,two-year,54.05,1202.54,1,0,0,1,40,1,0
CUST-00348,31,one-year,78.03,2279.75,2,0,0,1,68,1,0
CUST-00349,22,two-year,45.24,1019.0,1,0,0,1,49,1,0
CUST-00350,18,month-to-month,49.94,842.39,2,1,0,1,18,0,0
CUST-00351,29,month-to-month,109.43,2964.68,1,0,0,1,81,1,0
CUST-00352,7,month-to-month,42.11,297.51,1,1,0,0,47,0,1
CUST-00353,0,month-to-month,56.8,0.0,1,0,0,0,50,0,1
CUST-00354,6,month-to-month,40.08,240.78,2,1,2,1,61,1,0
CUST-00355,32,month-to-month,81.1,2661.79,3,1,1,1,51,1,0
CUST-00356,5,month-to-month,38.2,181.4,1,0,0,1,56,1,0
CUST-00357,42,two-year,71.04,3016.3,3,1,1,1,38,1,0
CUST-00358,6,month-to-month,97.81,562.64,3,2,0,1,26,0,1
CUST-00359,12,month-to-month,63.5,746.08,1,1,0,1,49,1,1
CUST-00360,19,one-year,77.23,1421.91,2,1,0,1,66,0,1
CUST-00361,5,month-to-month,23.12,106.43,1,2,1,0,35,1,0
CUST-00362,24,two-year,88.06,2077.91,1,0,0,0,34,1,0
CUST-00363,8,one-year,45.55,365.21,2,1,0,0,63,1,0
CUST-00364,11,month-to-month,82.51,852.43,1,4,1,1,38,1,1
CUST-00365,18,one-year,97.39,1792.43,3,1,2,1,38,1,0
CUST-00366,6,one-year,89.39,524.72,3,1,1,1,39,1,0
CUST-00367,11,one-year,63.61,657.45,3,0,0,0,44,1,0
CUST-00368,30,two-year,69.73,2073.19,2,0,0,0,21,1,1
CUST-00369,10,one-year,58.52,550.74,2,0,0,0,36,1,0
CUST-00370,25,one-year,91.52,2120.95,4,0,2,0,48,1,1
CUST-00371,22,month-to-month,50.5,1105.87,1,1,0,1,48,1,0
CUST-00372,23,one-year,18.31,392.57,1,2,1,1,62,1,0
CUST-00373,37,two-year,87.19,3005.64,2,1,0,1,72,1,0
CUST-00374,7,one-year,53.54,375.3,1,0,3,1,67,1,1
CUST-00375,34,one-year,46.27,1456.88,1,0,0,0,58,1,0
CUST-00376,5,month-to-month,44.91,226.59,1,4,2,1,42,1,1
CUST-00377,21,one-year,73.45,1554.14,2,1,0,1,35,1,0
CUST-00378,59,two-year,38.91,2147.74,1,1,0,1,45,1,0
CUST-00379,11,month-to-month,15.0,161.21,1,3,3,1,53,1,1
CUST-00380,15,month-to-month,62.33,870.09,1,1,1,1,57,1,0
CUST-00381,6,month-to-month,64.34,382.02,1,3,0,0,54,1,0
CUST-00382,46,month-to-month,75.41,3215.36,3,1,0,1,43,1,1
CUST-00383,11,one-year,34.34,386.77,1,0,0,0,56,1,0
CUST-00384,23,month-to-month,68.6,1487.63,2,3,0,0,63,1,0
CUST-00385,34,month-to-month,52.64,1781.02,3,3,2,1,58,1,0
CUST-00386,30,one-year,36.51,1023.13,1,2,2,0,44,1,1
CUST-00387,24,one-year,65.49,1482.26,3,0,0,0,32,1,0
CUST-00388,20,one-year,82.19,1593.84,2,0,0,1,32,1,0
CUST-00389,9,one-year,60.47,535.0,2,1,0,0,34,1,1
CUST-00390,50,one-year,46.94,2417.12,1,1,1,0,48,1,0
CUST-00391,23,one-year,90.18,1914.12,1,0,0,0,52,1,0
CUST-00392,20,one-year,97.34,1791.12,4,2,0,0,23,1,0
CUST-00393,5,month-to-month,85.1,407.86,3,4,1,1,37,1,1
CUST-00394,20,one-year,84.35,1619.99,4,1,1,1,48,1,0
CUST-00395,14,month-to-month,68.27,972.24,3,1,1,1,31,1,0
CUST-00396,47,month-to-month,15.64,750.06,1,1,1,0,51,1,0
CUST-00397,15,month-to-month,96.44,1470.99,3,2,0,1,40,1,0
CUST-00398,27,two-year,75.07,1896.66,2,1,0,1,34,0,1
CUST-00399,10,one-year,75.78,731.53,3,0,0,1,45,1,0
CUST-00400,7,month-to-month,52.53,368.46,1,2,2,1,50,1,0
CUST-00401,26,one-year,68.25,1693.56,1,1,0,0,32,1,0
CUST-00402,2,month-to-month,51.02,101.32,3,2,1,1,41,1,0
CUST-00403,34,one-year,68.38,2199.57,3,2,2,1,52,1,0
CUST-00404,42,two-year,46.55,1868.25,2,1,0,1,33,1,0
CUST-00405,12,one-year,86.89,1057.95,1,4,1,1,20,1,1
CUST-00406,24,one-year,70.76,1609.18,1,1,0,1,21,1,0
CUST-00407,35,month-to-month,51.35,1844.11,4,2,1,0,38,0,0
CUST-00408,13,month-to-month,27.75,344.04,1,0,0,0,25,1,0
CUST-00409,23,two-year,52.62,1116.57,1,0,0,1,39,0,0
CUST-00410,17,one-year,58.5,942.82,2,0,0,1,69,1,0
CUST-00411,18,month-to-month,31.16,526.57,1,2,2,1,24,1,1
CUST-00412,8,month-to-month,102.01,796.29,2,3,3,1,40,1,0
CUST-00413,10,month-to-month,60.63,565.31,1,5,1,1,76,1,0
CUST-00414,18,month-to-month,87.55,1558.35,3,3,0,0,51,1,0
CUST-00415,10,month-to-month,66.54,676.21,3,0,1,0,39,1,0
CUST-00416,5,month-to-month,104.0,499.14,4,1,0,0,42,1,0
CUST-00417,14,two-year,60.15,790.34,2,1,1,0,51,1,1
CUST-00418,15,month-to-month,49.9,721.56,1,1,0,1,70,1,0
CUST-00419,33,month-to-month,78.0,2590.62,2,2,2,1,37,1,0
CUST-00420,20,month-to-month,49.68,978.76,3,0,2,0,33,1,1
CUST-00421,5,month-to-month,95.75,445.78,2,3,1,1,24,1,0
CUST-00422,19,two-year,70.28,1307.4,2,0,1,1,46,0,0
CUST-00423,11,month-to-month,90.06,962.42,2,0,2,0,23,1,1
CUST-00424,53,one-year,47.64,2413.78,2,1,1,0,38,1,0
CUST-00425,61,two-year,50.38,2864.57,2,0,1,1,31,1,0
CUST-00426,45,month-to-month,34.09,1576.88,1,2,0,1,61,1,0
CUST-00427,21,one-year,71.51,1410.65,2,0,0,1,37,0,0
CUST-00428,72,two-year,68.19,4621.0,2,0,0,1,50,1,0
CUST-00429,8,month-to-month,46.64,349.25,1,0,1,1,20,1,0
CUST-00430,11,month-to-month,60.75,656.7,3,0,1,0,46,1,1
CUST-00431,40,two-year,44.2,1712.84,2,1,0,1,26,1,0
CUST-00432,30,two-year,54.13,1538.57,1,3,2,1,38,1,0
CUST-00433,19,month-to-month,70.62,1297.82,3,0,0,0,78,1,0
CUST-00434,11,one-year,54.66,597.7,2,0,0,1,58,1,0
CUST-00435,14,month-to-month,106.85,1422.58,3,3,0,0,43,1,1
CUST-00436,20,two-year,53.52,1092.53,1,0,0,1,88,1,0
CUST-00437,4,month-to-month,101.86,388.57,3,1,1,0,31,1,1
CUST-00438,9,month-to-month,45.4,384.82,1,2,0,1,62,1,0
CUST-00439,23,one-year,71.41,1683.49,2,0,0,0,22,1,0
CUST-00440,37,two-year,54.0,2016.31,1,0,0,1,41,1,0
CUST-00441,14,two-year,36.44,488.6,2,0,1,1,24,1,0
CUST-00442,14,month-to-month,92.71,1314.24,2,1,0,0,48,1,0
CUST-00443,13,month-to-month,64.57,820.16,2,2,2,1,45,1,1
CUST-00444,29,two-year,80.44,2235.12,2,0,2,1,40,1,0
CUST-00445,17,two-year,65.46,1126.57,3,0,1,1,61,1,0
CUST-00446,5,month-to-month,64.03,321.03,2,0,2,1,36,1,0
CUST-00447,39,one-year,39.4,1464.02,1,0,0,0,49,1,0
CUST-00448,7,month-to-month,113.25,782.23,4,4,1,1,57,1,0
CUST-00449,10,month-to-month,72.61,697.52,2,1,1,0,22,1,0
CUST-00450,11,month-to-month,97.61,987.94,4,1,1,1,33,1,1
CUST-00451,8,month-to-month,115.45,947.43,4,2,0,0,45,1,0
CUST-00452,21,month-to-month,99.81,2055.05,3,1,0,0,54,1,0
CUST-00453,31,two-year,92.78,2835.42,3,4,1,1,66,1,1
CUST-00454,13,month-to-month,41.41,530.79,2,3,2,1,41,1,1
CUST-00455,8,month-to-month,42.48,333.24,1,0,1,0,40,1,1
CUST-00456,12,month-to-month,48.93,558.92,2,1,0,1,31,1,0
CUST-00457,15,month-to-month,92.1,1418.63,3,4,1,1,49,1,1
CUST-00458,7,month-to-month,70.07,484.79,2,1,0,0,40,1,0
CUST-00459,27,one-year,53.97,1448.16,3,0,0,0,40,1,0
CUST-00460,29,month-to-month,51.6,1451.55,1,0,0,0,43,1,0
CUST-00461,43,one-year,28.11,1150.31,1,0,0,1,53,1,0
CUST-00462,49,two-year,66.04,2999.99,2,0,0,1,36,1,1
CUST-00463,11,month-to-month,25.2,265.7,1,1,0,1,33,1,0
CUST-00464,28,two-year,64.52,1697.03,1,0,1,1,51,1,0
CUST-00465,25,two-year,61.8,1533.92,1,0,0,0,18,1,1
CUST-00466,25,two-year,113.34,2880.79,3,1,1,1,35,1,0
CUST-00467,17,one-year,82.26,1333.12,2,0,0,0,27,1,1
CUST-00468,20,one-year,47.39,906.68,1,0,0,0,63,1,0
CUST-00469,38,one-year,69.73,2633.15,1,2,0,0,38,1,1
CUST-00470,23,one-year,41.84,901.14,2,1,1,1,36,1,0
CUST-00471,5,month-to-month,37.68,192.59,1,3,1,1,44,1,0
CUST-00472,40,two-year,73.0,2803.27,2,1,1,1,36,0,0
CUST-00473,22,one-year,40.15,822.47,3,0,0,0,38,1,0
CUST-00474,26,one-year,54.33,1326.72,1,2,1,1,46,1,0
CUST-00475,18,month-to-month,48.64,895.31,2,2,2,1,38,1,1
CUST-00476,19,month-to-month,56.82,1022.56,1,2,1,0,38,1,0
CUST-00477,19,month-to-month,35.6,671.56,1,1,0,0,29,1,1
CUST-00478,2,month-to-month,86.64,162.39,3,1,1,1,27,1,0
CUST-00479,21,month-to-month,67.35,1331.4,2,1,0,1,45,1,0
CUST-00480,8,month-to-month,104.21,847.62,3,1,0,1,49,1,0
CUST-00481,10,month-to-month,55.12,516.08,1,0,0,0,23,1,0
CUST-00482,14,month-to-month,41.16,531.33,1,3,1,1,56,1,0
CUST-00483,42,month-to-month,62.56,2562.19,2,3,2,0,56,1,1
CUST-00484,18,two-year,42.8,781.88,2,1,2,0,59,1,0
CUST-00485,14,month-to-month,98.31,1315.59,4,4,3,0,49,1,1
CUST-00486,12,month-to-month,65.62,735.55,1,3,1,0,54,1,1
CUST-00487,28,month-to-month,123.45,3553.54,3,0,0,0,77,1,0
CUST-00488,11,month-to-month,67.81,741.76,3,2,0,0,40,1,0
CUST-00489,17,month-to-month,62.18,1071.41,2,4,2,0,29,1,0
CUST-00490,11,one-year,44.64,492.38,1,1,0,1,21,1,1
CUST-00491,43,two-year,70.82,3035.54,2,1,1,1,71,1,0
CUST-00492,3,month-to-month,61.87,178.61,1,2,1,1,71,1,1
CUST-00493,26,one-year,78.04,1939.11,3,0,0,0,31,1,0
CUST-00494,17,month-to-month,86.55,1469.68,2,0,0,0,34,1,0
CUST-00495,19,month-to-month,67.89,1288.41,3,3,1,0,40,1,0
CUST-00496,3,month-to-month,84.75,260.5,2,2,1,0,63,1,0
CUST-00497,11,month-to-month,76.69,828.87,2,0,1,0,25,1,1
CUST-00498,32,one-year,66.78,2035.26,2,0,0,1,18,1,0
CUST-00499,51,one-year,61.33,3046.03,2,0,0,1,77,1,0
CUST-00500,18,one-year,122.68,2180.66,3,0,0,0,49,1,0
CUST-00501,25,month-to-month,40.29,973.95,1,0,0,1,51,1,0
CUST-00502,21,one-year,96.36,2037.77,4,1,0,1,41,1,0
CUST-00503,14,month-to-month,65.5,902.61,3,1,0,0,51,1,1
CUST-00504,10,month-to-month,111.14,1023.64,3,3,3,1,22,1,0
CUST-00505,15,month-to-month,82.96,1222.85,2,3,0,0,32,1,0
CUST-00506,29,one-year,66.79,1916.95,3,0,0,0,46,1,1
CUST-00507,37,two-year,64.23,2425.65,1,0,0,0,18,1,1
CUST-00508,4,month-to-month,83.64,323.02,3,3,0,1,40,1,0
CUST-00509,14,one-year,45.7,629.05,1,0,1,0,39,1,1
CUST-00510,10,one-year,68.65,667.45,1,0,0,0,40,1,0
CUST-00511,27,two-year,62.01,1638.24,1,1,0,0,36,1,0
CUST-00512,11,month-to-month,58.88,600.66,1,4,1,0,30,1,1
CUST-00513,24,one-year,54.25,1326.35,1,1,0,1,18,1,0
CUST-00514,25,one-year,86.76,2212.7,3,0,0,1,47,1,0
CUST-00515,13,two-year,59.13,753.54,1,0,0,1,40,1,0
CUST-00516,14,month-to-month,68.06,934.95,2,1,0,1,24,0,0
CUST-00517,45,two-year,43.46,1811.63,1,1,1,1,45,1,0
CUST-00518,9,month-to-month,109.49,971.39,3,1,0,1,40,1,0
CUST-00519,21,two-year,60.09,1220.51,3,0,2,1,38,1,0
CUST-00520,29,month-to-month,62.7,1814.65,1,1,0,0,18,1,0
CUST-00521,26,month-to-month,61.24,1473.11,2,2,1,0,55,1,0
CUST-00522,6,month-to-month,110.67,662.82,3,0,0,1,26,1,0
CUST-00523,24,month-to-month,62.74,1432.82,3,2,0,1,45,1,1
CUST-00524,7,month-to-month,41.77,289.96,1,2,0,1,32,1,0
CUST-00525,9,month-to-month,49.54,440.95,2,2,4,1,39,1,0
CUST-00526,6,month-to-month,84.82,480.91,3,5,3,0,62,1,1
CUST-00527,4,month-to-month,30.29,117.34,1,3,1,0,52,1,1
CUST-00528,21,one-year,70.39,1495.81,3,2,1,1,61,1,1
CUST-00529,16,two-year,16.26,256.68,1,0,0,1,49,0,0
CUST-00530,21,one-year,83.33,1623.17,3,0,0,1,50,1,0
CUST-00531,16,month-to-month,46.0,712.98,1,2,0,0,18,1,1
CUST-00532,13,month-to-month,28.21,349.97,1,3,1,0,40,1,0
CUST-00533,22,two-year,110.54,2408.97,4,1,1,0,41,1,0
CUST-00534,8,month-to-month,55.46,438.18,3,1,0,0,63,1,0
CUST-00535,5,month-to-month,93.34,429.9,3,4,0,0,37,1,0
CUST-00536,50,two-year,78.38,3867.45,4,0,1,1,48,1,0
CUST-00537,24,two-year,83.83,2013.6,1,2,0,1,48,1,0
CUST-00538,12,month-to-month,68.49,825.63,1,4,0,1,62,1,0
CUST-00539,11,one-year,36.86,375.65,1,0,1,1,42,1,0
CUST-00540,36,month-to-month,50.49,1732.94,2,0,0,1,57,1,0
CUST-00541,14,one-year,65.9,891.55,1,3,0,0,19,1,0
CUST-00542,18,month-to-month,86.28,1459.51,4,1,0,0,20,1,0
CUST-00543,20,month-to-month,51.95,1003.97,1,1,0,1,18,1,0
CUST-00544,21,one-year,77.9,1517.83,1,1,4,0,56,1,1
CUST-00545,3,month-to-month,41.52,116.15,1,3,1,1,55,1,0
CUST-00546,28,one-year,56.64,1575.7,1,2,0,1,58,1,0
CUST-00547,9,month-to-month,72.18,616.41,1,3,1,0,34,1,1
CUST-00548,38,two-year,81.56,3093.87,2,0,2,1,36,0,1
CUST-00549,26,two-year,52.13,1254.12,1,0,1,1,43,1,0
CUST-00550,21,month-to-month,61.8,1274.31,2,1,0,0,66,1,0
CUST-00551,39,one-year,47.7,1791.58,3,0,1,0,70,1,0
CUST-00552,23,month-to-month,47.99,1112.23,2,1,1,1,56,1,0
CUST-00553,21,month-to-month,72.73,1536.85,2,2,0,0,49,1,0
CUST-00554,24,month-to-month,52.52,1211.71,1,0,0,0,65,1,0
CUST-00555,19,two-year,56.35,1058.34,1,2,3,1,41,1,1
CUST-00556,39,two-year,73.71,2716.67,1,0,0,1,39,1,0
CUST-00557,24,two-year,69.63,1644.12,4,0,0,1,43,0,1
CUST-00558,24,two-year,62.75,1398.98,2,0,0,0,30,1,0
CUST-00559,27,two-year,58.4,1526.04,1,0,0,0,42,1,0
CUST-00560,11,month-to-month,54.33,561.83,2,4,2,0,28,1,1
CUST-00561,18,two-year,104.77,1918.24,3,0,0,1,60,1,0
CUST-00562,20,one-year,83.35,1615.22,2,0,1,1,53,0,0
CUST-00563,12,month-to-month,72.22,853.63,2,1,0,0,66,1,0
CUST-00564,17,one-year,111.3,1815.74,3,0,1,1,20,1,0
CUST-00565,13,month-to-month,40.02,495.16,2,3,1,1,73,1,0
CUST-00566,1,month-to-month,66.86,63.0,2,1,0,0,21,1,1
CUST-00567,12,month-to-month,61.59,754.09,1,2,1,1,27,1,1
CUST-00568,37,month-to-month,38.54,1437.3,1,1,0,1,35,1,0
CUST-00569,35,month-to-month,96.41,3153.87,4,1,1,1,64,1,1
CUST-00570,27,two-year,47.08,1273.88,2,0,1,1,48,1,0
CUST-00571,20,one-year,67.43,1302.8,1,0,0,1,41,0,1
CUST-00572,0,month-to-month,86.04,0.0,2,1,1,0,33,1,1
CUST-00573,9,month-to-month,59.9,527.3,1,0,2,1,24,1,1
CUST-00574,24,month-to-month,45.65,1023.62,3,0,0,1,61,1,0
CUST-00575,10,month-to-month,37.6,354.6,1,3,3,0,56,1,0
CUST-00576,42,two-year,89.16,3731.86,3,1,0,1,65,1,0
CUST-00577,29,month-to-month,67.38,1852.97,2,1,1,1,50,1,0
CUST-00578,14,one-year,15.0,213.8,1,0,0,1,18,1,0
CUST-00579,21,one-year,77.37,1612.24,1,3,4,0,26,1,1
CUST-00580,44,one-year,81.46,3625.64,3,0,0,1,51,1,0
CUST-00581,15,two-year,40.26,596.45,1,0,0,0,39,1,0
CUST-00582,11,month-to-month,72.91,814.5,1,3,2,0,36,1,1
CUST-00583,15,two-year,66.8,961.7,3,1,0,1,28,1,0
CUST-00584,12,one-year,42.61,501.3,1,1,0,0,59,1,0
CUST-00585,52,one-year,61.45,3121.1,1,0,1,0,51,1,0
CUST-00586,16,one-year,87.06,1420.01,1,0,0,1,52,1,0
CUST-00587,13,two-year,108.22,1319.83,3,1,0,1,35,1,0
CUST-00588,18,two-year,61.47,1088.3,1,0,0,0,47,1,1
CUST-00589,3,month-to-month,63.32,190.53,1,1,0,1,24,1,0
CUST-00590,28,two-year,69.25,1862.81,1,1,2,1,43,0,1
CUST-00591,25,one-year,32.37,821.74,1,0,1,0,18,1,0
CUST-00592,27,month-to-month,66.59,1727.87,1,2,0,0,21,1,0
CUST-00593,35,two-year,41.79,1373.52,1,0,0,0,40,1,0
CUST-00594,4,month-to-month,60.73,239.09,1,1,0,1,80,1,0
CUST-00595,24,one-year,50.91,1180.62,1,0,0,1,18,1,0
CUST-00596,13,month-to-month,88.02,1054.63,3,1,2,0,26,1,0
CUST-00597,30,month-to-month,57.13,1589.95,1,3,1,0,48,1,1
CUST-00598,37,two-year,15.0,522.52,1,2,1,1,71,1,0
CUST-00599,51,month-to-month,82.22,4212.62,3,1,1,1,48,1,0
CUST-00600,6,month-to-month,90.56,553.21,3,2,2,0,55,1,1
CUST-00601,5,month-to-month,75.03,367.65,2,3,1,1,39,1,1
CUST-00602,10,month-to-month,53.15,495.15,1,2,1,0,37,1,0
CUST-00603,25,two-year,84.56,2069.15,1,1,0,1,46,1,0
CUST-00604,20,two-year,60.6,1229.11,1,1,1,1,35,1,0
CUST-00605,6,month-to-month,62.88,378.2,1,2,1,1,55,1,0
CUST-00606,23,one-year,73.8,1615.96,1,0,0,1,20,1,0
CUST-00607,10,month-to-month,73.53,686.5,2,0,0,0,58,1,1
CUST-00608,13,one-year,38.84,514.55,1,0,0,1,45,1,0
CUST-00609,4,month-to-month,23.11,93.73,2,2,1,0,41,1,0
CUST-00610,1,month-to-month,46.41,42.97,1,1,0,1,20,1,0
CUST-00611,36,month-to-month,68.7,2499.43,1,5,3,1,30,1,0
CUST-00612,40,one-year,72.64,2704.22,3,0,0,0,62,1,0
CUST-00613,26,month-to-month,93.42,2251.51,3,1,1,1,41,0,0
CUST-00614,21,month-to-month,57.68,1215.45,1,1,0,0,49,1,0
CUST-00615,21,two-year,90.19,1854.21,2,3,0,1,31,1,0
CUST-00616,27,one-year,49.69,1295.48,1,0,1,0,44,1,0
CUST-00617,5,month-to-month,63.42,323.26,1,0,0,0,24,1,0
CUST-00618,28,two-year,76.11,2157.34,2,1,1,0,46,0,0
CUST-00619,19,two-year,82.03,1443.76,1,0,1,1,50,1,0
CUST-00620,22,month-to-month,24.28,527.63,1,2,0,1,49,1,0
CUST-00621,46,one-year,58.75,2715.88,2,0,1,1,31,1,0
CUST-00622,6,month-to-month,70.27,413.42,1,3,1,1,39,1,0
CUST-00623,14,one-year,82.83,1192.24,1,2,1,0,53,1,0
CUST-00624,15,month-to-month,59.32,885.76,1,2,2,0,41,1,0
CUST-00625,7,one-year,85.73,558.98,4,0,0,0,40,1,0
CUST-00626,3,month-to-month,80.63,227.82,2,2,0,1,73,0,1
CUST-00627,40,month-to-month,70.64,2856.36,1,1,0,1,30,1,0
CUST-00628,30,two-year,48.53,1499.06,1,1,1,1,61,1,0
CUST-00629,8,month-to-month,72.95,543.22,2,0,1,0,27,1,0
CUST-00630,26,two-year,76.25,1845.78,1,1,2,1,54,1,0
CUST-00631,22,two-year,101.03,2231.49,2,0,1,0,55,1,0
CUST-00632,28,two-year,92.37,2397.76,3,0,0,1,37,1,0
CUST-00633,10,month-to-month,55.79,517.48,1,2,2,1,26,1,0
CUST-00634,25,two-year,54.03,1374.75,1,0,0,1,18,1,0
CUST-00635,24,month-to-month,65.03,1573.28,1,4,1,0,35,1,0
CUST-00636,23,month-to-month,52.92,1237.82,1,2,0,1,52,1,0
CUST-00637,50,two-year,58.41,2895.84,1,0,0,0,28,1,0
CUST-00638,24,one-year,59.96,1374.97,3,0,0,1,46,1,0
CUST-00639,15,month-to-month,78.35,1198.4,1,0,0,0,22,1,0
CUST-00640,42,month-to-month,46.48,1860.13,2,3,2,0,41,1,1
CUST-00641,24,two-year,59.22,1350.65,2,2,2,0,27,1,0
CUST-00642,6,one-year,56.76,346.52,1,1,0,1,43,1,0
CUST-00643,26,month-to-month,90.84,2349.77,1,0,0,0,37,1,0
CUST-00644,30,two-year,47.39,1448.04,1,1,1,1,27,1,0
CUST-00645,14,month-to-month,55.01,721.74,2,0,0,0,35,1,1
CUST-00646,26,month-to-month,45.09,1201.36,1,2,0,0,30,1,1
CUST-00647,15,one-year,96.86,1434.6,2,3,2,1,25,1,1
CUST-00648,13,two-year,28.38,366.54,3,1,2,1,61,1,0
CUST-00649,27,month-to-month,60.95,1679.46,3,0,0,0,39,1,1
CUST-00650,8,month-to-month,140.16,1078.54,4,4,2,0,18,1,1
CUST-00651,6,month-to-month,89.64,537.38,3,1,1,1,35,1,1
CUST-00652,13,two-year,59.09,760.82,3,0,0,1,58,0,0
CUST-00653,25,month-to-month,78.25,1969.26,3,1,0,1,33,1,0
CUST-00654,0,month-to-month,68.21,0.0,2,0,0,0,67,0,1
CUST-00655,46,two-year,94.23,4312.07,3,0,0,0,32,1,0
CUST-00656,11,month-to-month,124.11,1266.15,4,1,0,1,52,1,1
CUST-00657,31,one-year,73.99,2156.4,2,1,0,1,60,1,0
CUST-00658,20,month-to-month,57.28,1174.17,2,0,0,0,51,1,0
CUST-00659,60,two-year,81.17,4999.51,2,0,2,1,24,1,0
CUST-00660,19,month-to-month,66.43,1295.51,3,0,0,1,30,1,0
CUST-00661,33,month-to-month,36.4,1109.97,1,1,1,1,62,1,0
CUST-00662,9,month-to-month,47.32,409.73,3,2,1,1,32,1,0
CUST-00663,8,one-year,50.83,408.09,3,1,0,1,59,1,0
CUST-00664,34,one-year,74.86,2552.41,4,0,0,0,38,1,0
CUST-00665,3,month-to-month,33.8,94.25,1,4,0,0,47,0,1
CUST-00666,25,month-to-month,72.64,1792.47,2,1,1,1,24,1,1
CUST-00667,17,two-year,57.41,913.23,3,0,0,1,35,1,0
CUST-00668,18,month-to-month,34.41,603.43,4,0,0,0,31,1,0
CUST-00669,48,month-to-month,60.21,2735.07,3,0,0,1,48,1,0
CUST-00670,29,one-year,58.51,1570.97,2,2,1,0,46,1,0
CUST-00671,12,month-to-month,56.1,625.27,2,1,0,1,51,1,0
CUST-00672,20,month-to-month,82.35,1680.27,1,2,1,0,37,1,1
CUST-00673,9,month-to-month,79.96,721.02,4,4,2,0,31,1,1
CUST-00674,61,month-to-month,70.86,4419.72,1,1,1,0,47,0,0
CUST-00675,7,month-to-month,66.66,453.41,2,1,0,1,29,1,1
CUST-00676,18,one-year,78.24,1359.68,3,3,3,1,61,1,1
CUST-00677,27,one-year,39.96,1035.14,1,1,1,0,43,1,0
CUST-00678,19,month-to-month,53.94,1012.35,1,1,0,0,40,1,0
CUST-00679,33,two-year,41.23,1304.36,1,2,1,1,51,1,0
CUST-00680,9,month-to-month,82.06,740.08,3,0,0,1,43,1,0
CUST-00681,17,one-year,62.75,1075.44,2,0,1,1,20,1,0
CUST-00682,28,month-to-month,38.0,1081.39,1,2,2,1,29,1,0
CUST-00683,32,one-year,84.85,2570.5,2,1,0,0,60,1,0
CUST-00684,19,month-to-month,62.68,1164.69,1,1,0,1,46,1,0
CUST-00685,36,month-to-month,70.93,2411.96,3,3,0,0,19,1,0
CUST-00686,29,month-to-month,57.62,1544.2,1,5,3,0,50,0,1
CUST-00687,26,month-to-month,53.49,1387.76,1,2,0,0,36,1,0
CUST-00688,3,month-to-month,39.38,115.82,1,6,1,0,31,1,0
CUST-00689,24,one-year,68.27,1637.88,2,0,0,0,27,1,0
CUST-00690,29,two-year,55.82,1504.88,2,0,0,1,59,1,0
CUST-00691,39,month-to-month,61.99,2488.95,3,4,2,0,18,1,0
CUST-00692,25,two-year,37.79,972.51,2,0,0,1,32,1,0
CUST-00693,21,one-year,48.55,990.14,1,1,0,1,46,1,0
CUST-00694,17,two-year,65.21,1125.49,1,2,0,1,68,1,0
CUST-00695,11,one-year,42.5,442.63,1,0,0,0,53,1,0
CUST-00696,44,one-year,124.37,5478.48,3,1,0,1,32,1,0
CUST-00697,21,month-to-month,70.94,1514.64,1,0,1,0,67,1,0
CUST-00698,53,one-year,114.48,6125.77,4,0,1,0,24,1,0
CUST-00699,24,two-year,69.31,1678.9,1,0,1,1,48,1,0
CUST-00700,3,month-to-month,88.35,257.35,1,2,0,1,52,1,0
CUST-00701,11,month-to-month,40.83,453.71,1,4,3,1,31,1,1
CUST-00702,9,month-to-month,15.0,134.46,1,0,0,1,55,1,0
CUST-00703,36,two-year,70.97,2387.75,3,0,0,1,37,1,0
CUST-00704,23,month-to-month,77.05,1652.64,2,3,3,1,55,1,0
CUST-00705,26,one-year,57.73,1508.35,1,0,1,1,18,1,0
CUST-00706,70,two-year,71.96,4980.79,2,1,0,0,50,1,0
CUST-00707,46,two-year,90.78,4080.38,2,1,0,1,38,1,0
CUST-00708,7,month-to-month,97.88,698.73,4,1,0,1,62,1,1
CUST-00709,34,one-year,105.38,3556.24,4,0,0,1,44,1,0
CUST-00710,27,two-year,50.09,1303.17,2,0,1,1,63,1,0
CUST-00711,12,month-to-month,59.28,686.84,3,2,2,0,52,1,1
CUST-00712,42,one-year,108.05,4477.18,3,1,0,0,43,1,0
CUST-00713,6,month-to-month,68.82,414.42,2,1,1,1,56,1,0
CUST-00714,33,one-year,55.78,1807.75,2,2,1,0,56,1,1
CUST-00715,25,month-to-month,43.81,1068.92,1,3,1,0,52,1,1
CUST-00716,6,month-to-month,67.32,403.9,3,1,1,1,18,1,0
CUST-00717,2,month-to-month,78.24,156.1,4,2,0,1,30,0,1
CUST-00718,14,month-to-month,31.9,451.66,1,3,1,1,65,1,0
CUST-00719,32,month-to-month,51.99,1542.03,3,2,2,1,26,1,1
CUST-00720,24,one-year,87.49,2106.15,4,1,0,0,58,1,0
CUST-00721,38,month-to-month,44.33,1644.98,1,7,2,0,55,1,1
CUST-00722,18,month-to-month,86.93,1452.42,2,3,0,1,34,1,0
CUST-00723,45,one-year,84.28,3772.47,3,0,0,0,18,1,1
CUST-00724,14,one-year,95.78,1339.34,4,0,0,1,36,0,0
CUST-00725,21,month-to-month,41.62,854.44,1,1,1,1,76,1,0
CUST-00726,22,two-year,52.82,1170.54,1,0,0,1,32,1,0
CUST-00727,13,month-to-month,73.5,910.62,2,1,1,1,33,1,1
CUST-00728,28,two-year,67.89,1791.07,1,0,0,1,30,1,0
CUST-00729,19,month-to-month,53.31,970.94,1,1,2,1,63,0,0
CUST-00730,13,one-year,74.42,933.7,1,1,1,0,41,1,0
CUST-00731,33,two-year,55.14,1813.35,1,1,1,1,35,0,1
CUST-00732,27,two-year,81.27,2222.83,2,1,1,1,66,1,0
CUST-00733,9,one-year,58.18,523.25,2,1,2,1,53,1,0
CUST-00734,7,one-year,34.37,225.95,2,0,0,0,31,1,0
CUST-00735,32,month-to-month,83.83,2576.02,3,2,1,1,26,1,0
CUST-00736,18,one-year,68.06,1148.42,1,1,1,1,62,1,0
CUST-00737,8,one-year,65.36,520.55,1,0,0,0,45,1,0
CUST-00738,56,two-year,62.6,3320.85,1,0,0,1,21,1,0
CUST-00739,22,month-to-month,48.73,1048.25,1,0,1,0,18,1,1
CUST-00740,19,month-to-month,40.48,774.58,1,3,1,0,28,1,0
CUST-00741,12,one-year,64.93,774.33,1,0,0,0,26,1,0
CUST-00742,4,month-to-month,62.68,238.89,1,1,0,0,18,1,0
CUST-00743,17,month-to-month,44.9,730.18,1,2,0,1,28,1,1
CUST-00744,14,month-to-month,86.97,1207.68,2,0,0,1,31,1,1
CUST-00745,10,one-year,51.11,501.1,2,0,0,1,38,1,0
CUST-00746,5,month-to-month,80.5,374.57,4,1,1,1,70,1,0
CUST-00747,5,month-to-month,108.46,551.05,3,2,0,1,40,1,0
CUST-00748,5,month-to-month,82.63,403.39,2,1,0,1,42,0,0
CUST-00749,20,two-year,48.56,944.07,1,0,0,1,52,1,1
CUST-00750,24,one-year,72.17,1631.32,2,1,1,0,41,1,0
CUST-00751,21,month-to-month,57.79,1166.83,1,0,0,1,51,1,0
CUST-00752,14,month-to-month,15.0,200.89,1,2,1,1,49,1,1
CUST-00753,21,one-year,38.68,771.49,1,3,1,0,46,1,1
CUST-00754,22,month-to-month,54.08,1168.84,1,2,1,0,86,1,0
CUST-00755,6,one-year,48.58,282.98,1,2,1,0,58,1,0
CUST-00756,17,month-to-month,71.45,1236.29,2,4,1,0,28,1,0
CUST-00757,47,two-year,99.33,4778.44,3,0,0,1,50,1,0
CUST-00758,12,month-to-month,73.21,829.45,3,1,0,0,33,1,1
CUST-00759,36,one-year,47.96,1607.45,2,0,0,1,51,1,0
CUST-00760,13,month-to-month,72.85,953.1,2,2,1,1,24,1,1
CUST-00761,35,two-year,49.12,1769.8,1,1,0,1,28,1,0
CUST-00762,30,two-year,64.19,1954.58,2,1,3,0,50,1,0
CUST-00763,10,one-year,61.75,569.71,2,2,1,1,59,1,0
CUST-00764,6,month-to-month,95.35,542.14,1,0,0,1,52,1,1
CUST-00765,40,month-to-month,15.0,554.86,1,0,1,0,57,1,0
CUST-00766,39,two-year,84.01,3310.09,4,2,2,0,50,1,0
CUST-00767,18,one-year,66.93,1185.41,2,0,0,0,47,1,0
CUST-00768,12,month-to-month,52.94,620.36,2,1,0,0,37,1,0
CUST-00769,7,month-to-month,83.2,571.33,2,2,0,0,57,1,0
CUST-00770,20,month-to-month,69.64,1320.05,1,1,1,0,60,1,0
CUST-00771,20,two-year,66.14,1304.52,2,0,0,1,44,1,0
CUST-00772,16,one-year,50.13,740.62,1,3,0,0,43,1,0
CUST-00773,13,one-year,52.98,682.58,1,0,0,1,68,1,0
CUST-00774,30,one-year,65.11,1954.84,2,1,0,0,44,1,0
CUST-00775,13,month-to-month,53.59,692.51,1,0,0,1,46,1,0
CUST-00776,16,month-to-month,75.62,1157.33,3,2,2,0,52,1,1
CUST-00777,5,month-to-month,59.54,300.94,1,2,1,1,43,1,0
CUST-00778,13,one-year,80.56,1045.93,2,0,1,1,32,1,0
CUST-00779,16,month-to-month,44.86,670.47,2,0,0,0,50,1,0
CUST-00780,3,month-to-month,48.09,135.83,2,2,0,1,44,1,0
CUST-00781,12,month-to-month,35.53,422.13,2,1,0,0,72,1,0
CUST-00782,14,month-to-month,106.6,1420.52,4,3,1,1,56,1,0
CUST-00783,9,one-year,71.51,600.56,2,0,0,1,36,1,1
CUST-00784,30,month-to-month,76.09,2139.0,2,2,2,0,55,1,1
CUST-00785,19,month-to-month,41.27,735.68,2,1,2,0,49,1,0
CUST-00786,18,one-year,87.13,1525.3,1,1,2,0,64,1,1
CUST-00787,8,month-to-month,44.04,347.67,1,3,2,1,37,1,1
CUST-00788,2,month-to-month,58.03,109.03,1,1,2,1,47,1,0
CUST-00789,28,month-to-month,70.38,1967.44,1,2,0,0,43,1,1
CUST-00790,22,two-year,37.23,778.85,1,0,0,1,45,1,0
CUST-00791,3,month-to-month,45.17,129.31,1,1,0,0,31,1,1
CUST-00792,13,one-year,70.23,862.4,2,2,2,1,53,1,1
CUST-00793,32,two-year,106.43,3427.46,1,1,0,1,51,1,0
CUST-00794,22,one-year,84.42,1904.75,3,0,1,0,64,0,0
CUST-00795,5,month-to-month,83.91,408.72,1,1,1,1,44,1,1
CUST-00796,37,one-year,88.7,3034.52,2,1,1,0,38,1,0
CUST-00797,3,month-to-month,61.62,175.37,1,2,1,1,56,1,0
CUST-00798,36,month-to-month,49.19,1659.96,2,1,0,0,33,1,1
CUST-00799,17,month-to-month,74.08,1275.36,1,1,0,0,61,1,0
CUST-00800,10,month-to-month,40.03,372.01,2,1,2,1,61,0,0
CUST-00801,12,month-to-month,83.82,1032.31,1,3,3,0,63,0,1
CUST-00802,15,month-to-month,94.6,1397.34,4,1,0,0,50,0,1
CUST-00803,22,month-to-month,15.0,322.39,1,1,1,1,37,1,0
CUST-00804,2,month-to-month,60.87,123.35,2,2,0,1,46,1,0
CUST-00805,12,one-year,66.77,739.57,1,1,1,1,50,1,0
CUST-00806,27,two-year,62.73,1703.0,2,0,1,1,36,1,0
CUST-00807,33,month-to-month,79.87,2458.66,2,2,5,0,64,1,1
CUST-00808,37,one-year,39.7,1487.24,1,0,2,0,53,1,0
CUST-00809,42,month-to-month,31.49,1293.76,1,0,0,1,31,1,0
CUST-00810,31,month-to-month,53.71,1543.01,1,2,0,1,73,0,0
CUST-00811,7,month-to-month,55.57,393.52,1,0,0,1,46,1,0
CUST-00812,14,month-to-month,84.73,1094.89,4,1,1,1,28,1,0
CUST-00813,31,month-to-month,77.09,2234.98,1,1,0,0,32,1,0
CUST-00814,29,month-to-month,39.7,1160.23,1,4,1,1,67,1,0
CUST-00815,12,month-to-month,96.64,1126.21,4,0,1,0,72,1,0
CUST-00816,21,month-to-month,56.22,1200.63,1,2,0,0,60,1,0
CUST-00817,10,month-to-month,26.98,267.07,1,1,0,1,64,1,0
CUST-00818,3,month-to-month,43.26,128.3,2,1,2,1,63,1,0
CUST-00819,13,month-to-month,79.21,980.45,3,3,0,0,53,1,0
CUST-00820,13,month-to-month,102.66,1247.44,2,0,0,0,49,1,0
CUST-00821,9,month-to-month,77.43,714.8,2,2,0,1,53,1,0
CUST-00822,22,month-to-month,59.94,1228.39,4,0,1,0,56,1,1
CUST-00823,12,month-to-month,15.0,176.07,1,2,1,1,33,1,0
CUST-00824,19,month-to-month,104.19,1880.59,4,4,1,1,55,1,0
CUST-00825,37,two-year,77.27,2713.34,3,2,0,1,66,1,0
CUST-00826,63,month-to-month,99.54,6179.49,3,2,0,0,41,1,0
CUST-00827,13,month-to-month,39.15,512.91,1,5,0,0,40,1,0
CUST-00828,33,month-to-month,61.3,2034.01,1,3,0,1,52,1,0
CUST-00829,29,two-year,82.23,2421.79,2,1,1,1,35,1,0
CUST-00830,23,one-year,58.95,1291.07,2,1,0,1,25,0,0
CUST-00831,18,one-year,59.33,1037.22,2,0,0,0,62,1,0
CUST-00832,28,two-year,79.45,2048.92,3,0,1,1,38,1,0
CUST-00833,12,month-to-month,76.77,923.22,2,0,1,0,45,0,1
CUST-00834,41,two-year,54.74,2139.43,1,1,1,1,35,1,0
CUST-00835,8,month-to-month,72.53,569.66,1,1,2,1,64,1,1
CUST-00836,8,one-year,46.69,350.59,1,0,0,1,57,0,0
CUST-00837,9,month-to-month,31.09,282.65,1,1,0,0,41,1,1
CUST-00838,8,month-to-month,90.59,731.89,1,1,0,0,27,1,0
CUST-00839,21,two-year,68.12,1454.15,3,0,1,0,39,1,0
CUST-00840,13,month-to-month,56.77,682.7,2,1,2,0,53,1,1
CUST-00841,21,two-year,65.82,1422.54,2,0,0,1,47,1,0
CUST-00842,13,month-to-month,56.21,692.19,1,3,2,0,46,1,0
CUST-00843,14,one-year,60.04,801.93,2,1,0,0,48,1,0
CUST-00844,32,two-year,78.69,2385.7,3,0,0,1,56,1,0
CUST-00845,62,month-to-month,78.28,4607.92,3,4,2,1,44,0,0
CUST-00846,29,two-year,70.15,1995.28,2,2,1,1,51,1,0
CUST-00847,14,one-year,36.57,484.53,3,0,0,1,30,1,0
CUST-00848,5,one-year,100.86,485.8,2,0,0,0,83,0,0
CUST-00849,49,month-to-month,64.35,3128.29,2,1,0,1,40,1,0
CUST-00850,18,month-to-month,89.45,1629.36,3,1,0,0,48,1,0
CUST-00851,18,one-year,30.19,541.36,1,1,1,0,53,1,0
CUST-00852,1,month-to-month,46.52,45.84,1,3,1,1,38,1,0
CUST-00853,13,month-to-month,42.9,522.15,1,0,0,0,45,1,0
CUST-00854,16,month-to-month,93.46,1509.97,2,1,1,0,44,1,1
CUST-00855,21,two-year,56.46,1095.67,2,1,1,1,31,1,0
CUST-00856,4,month-to-month,80.65,306.17,2,6,2,1,51,1,0
CUST-00857,8,one-year,43.29,320.79,1,4,3,0,20,1,0
CUST-00858,62,two-year,46.85,2885.58,1,4,2,1,71,1,0
CUST-00859,16,month-to-month,74.58,1146.17,3,1,0,1,56,1,0
CUST-00860,9,month-to-month,78.11,697.17,1,1,0,1,54,1,0
CUST-00861,20,one-year,44.98,861.97,3,0,0,0,18,1,0
CUST-00862,14,month-to-month,31.32,425.38,1,0,1,1,33,1,0
CUST-00863,8,one-year,31.95,248.03,2,0,1,0,65,1,0
CUST-00864,33,one-year,47.42,1447.52,2,0,0,1,88,1,0
CUST-00865,17,one-year,64.39,1058.86,3,2,1,1,62,1,0
CUST-00866,16,month-to-month,25.94,411.1,1,1,1,0,60,1,1
CUST-00867,44,one-year,65.79,2837.06,3,2,0,1,52,1,0
CUST-00868,9,one-year,30.74,256.82,2,2,0,1,32,1,0
CUST-00869,7,month-to-month,48.68,338.54,2,3,2,0,59,1,1
CUST-00870,23,one-year,88.61,1944.23,2,0,1,0,28,1,0
CUST-00871,39,two-year,62.26,2237.74,1,0,0,1,26,1,0
CUST-00872,13,one-year,70.37,857.28,2,2,2,1,25,1,0
CUST-00873,9,month-to-month,36.95,324.15,1,1,0,1,59,1,0
CUST-00874,23,month-to-month,27.35,600.2,1,2,1,0,44,1,0
CUST-00875,59,month-to-month,46.5,2733.57,2,1,0,1,46,1,0
CUST-00876,15,month-to-month,66.22,940.13,2,3,1,1,44,1,0
CUST-00877,7,month-to-month,70.63,496.89,1,2,0,1,28,1,0
CUST-00878,17,two-year,71.24,1152.36,1,0,0,1,34,1,0
CUST-00879,13,month-to-month,66.35,852.45,1,0,0,0,35,1,0
CUST-00880,39,two-year,41.72,1639.96,1,1,1,1,23,1,0
CUST-00881,72,month-to-month,67.44,4673.16,2,1,0,0,37,1,0
CUST-00882,11,month-to-month,49.22,500.89,1,1,0,0,28,1,1
CUST-00883,15,month-to-month,75.38,1106.84,3,2,0,1,53,1,0
CUST-00884,44,month-to-month,91.67,4152.45,1,1,0,0,54,1,0
CUST-00885,23,one-year,23.28,549.68,1,2,1,0,25,1,0
CUST-00886,29,two-year,74.78,2047.85,3,1,0,1,40,1,0
CUST-00887,51,two-year,76.81,3929.56,1,2,0,1,72,1,0
CUST-00888,16,month-to-month,28.61,438.51,1,3,1,1,30,1,0
CUST-00889,11,one-year,79.41,819.03,4,2,1,0,51,1,0
CUST-00890,33,month-to-month,81.48,2670.69,4,1,1,0,46,1,0
CUST-00891,15,two-year,62.98,921.17,2,2,2,0,61,1,0
CUST-00892,30,month-to-month,26.27,771.8,1,0,0,0,49,1,0
CUST-00893,14,month-to-month,77.72,1100.06,2,1,1,1,38,1,1
CUST-00894,11,month-to-month,102.99,1084.2,4,3,1,1,46,1,0
CUST-00895,11,month-to-month,100.15,1094.36,4,3,0,0,46,1,0
CUST-00896,13,month-to-month,39.33,490.98,1,3,1,0,43,1,1
CUST-00897,22,two-year,56.56,1150.62,1,1,0,1,25,0,0
CUST-00898,25,one-year,38.81,932.97,1,1,0,1,63,1,0
CUST-00899,22,two-year,49.01,1104.64,1,2,0,1,60,1,0
CUST-00900,14,month-to-month,105.76,1440.9,2,1,3,1,29,1,0
CUST-00901,6,one-year,56.72,317.15,1,0,0,1,40,1,0
CUST-00902,14,month-to-month,33.62,468.64,1,0,0,1,41,1,0
CUST-00903,10,month-to-month,58.25,597.63,1,2,0,1,27,1,0
CUST-00904,28,month-to-month,42.67,1218.5,2,1,1,0,18,1,1
CUST-00905,12,month-to-month,33.42,394.19,1,3,1,1,34,1,1
CUST-00906,30,one-year,36.26,1045.8,1,0,1,1,39,1,0
CUST-00907,23,month-to-month,47.0,1063.57,1,3,3,0,23,0,1
CUST-00908,24,month-to-month,107.87,2614.13,4,2,0,0,47,1,0
CUST-00909,17,one-year,65.41,1128.36,1,1,0,0,62,0,0
CUST-00910,15,month-to-month,76.41,1157.69,2,2,3,0,57,1,1
CUST-00911,32,two-year,35.22,1093.34,1,0,0,0,43,1,0
CUST-00912,16,month-to-month,45.26,675.7,1,2,1,0,18,1,0
CUST-00913,24,two-year,59.9,1412.6,1,0,0,1,55,1,0
CUST-00914,11,one-year,43.69,450.41,1,1,1,1,47,1,1
CUST-00915,20,one-year,49.99,926.52,1,1,0,0,51,0,0
CUST-00916,8,one-year,74.94,584.44,2,0,0,1,74,1,0
CUST-00917,13,two-year,60.72,783.12,2,1,0,1,32,1,0
CUST-00918,10,one-year,59.07,598.94,1,0,0,0,18,0,1
CUST-00919,24,month-to-month,83.67,2020.35,1,2,0,0,29,1,0
CUST-00920,17,month-to-month,63.91,1102.0,2,4,0,0,52,1,0
CUST-00921,29,one-year,76.23,2218.65,1,0,0,0,45,1,0
CUST-00922,8,month-to-month,65.07,519.18,1,1,0,0,26,1,1
CUST-00923,30,month-to-month,28.59,790.04,1,2,1,0,23,1,1
CUST-00924,3,month-to-month,35.16,104.31,1,1,0,0,39,1,1
CUST-00925,5,month-to-month,52.0,242.65,2,2,1,1,26,1,0
CUST-00926,30,month-to-month,75.61,2101.47,4,1,0,0,52,1,0
CUST-00927,21,one-year,89.37,1758.92,4,1,0,1,38,1,0
CUST-00928,29,one-year,102.06,2991.0,4,1,1,1,35,0,0
CUST-00929,29,two-year,77.59,2254.21,1,2,0,1,33,1,1
CUST-00930,9,month-to-month,60.55,558.23,1,2,0,1,48,1,0
CUST-00931,4,month-to-month,46.98,193.12,1,1,1,1,45,1,1
CUST-00932,7,one-year,17.52,124.88,1,0,1,1,48,1,0
CUST-00933,47,month-to-month,56.27,2471.79,1,1,1,1,47,1,0
CUST-00934,7,one-year,55.46,394.67,1,0,0,1,43,1,1
CUST-00935,38,month-to-month,70.29,2703.74,2,2,0,0,29,1,1
CUST-00936,28,two-year,92.91,2642.63,1,1,0,1,34,1,0
CUST-00937,18,month-to-month,77.33,1303.81,1,3,2,1,39,1,1
CUST-00938,29,two-year,81.13,2194.77,2,1,0,1,75,1,0
CUST-00939,27,one-year,37.68,1039.35,1,2,0,1,24,1,0
CUST-00940,7,month-to-month,69.77,458.66,3,2,0,1,38,1,0
CUST-00941,6,one-year,53.29,307.13,1,1,1,1,46,1,0
CUST-00942,9,month-to-month,53.04,463.11,2,0,0,0,40,1,0
CUST-00943,25,one-year,64.01,1494.14,1,0,1,0,61,1,0
CUST-00944,10,one-year,73.42,677.13,2,1,1,0,40,1,1
CUST-00945,31,month-to-month,35.41,1129.93,1,3,2,1,41,1,1
CUST-00946,13,month-to-month,76.54,1011.37,1,1,0,1,57,1,0
CUST-00947,10,one-year,68.84,702.41,2,2,2,1,72,1,0
CUST-00948,16,month-to-month,23.88,363.47,1,1,1,0,66,1,1
CUST-00949,32,two-year,54.08,1634.01,1,0,0,1,42,1,0
CUST-00950,26,one-year,84.06,2113.1,3,0,1,1,44,1,0
CUST-00951,35,one-year,72.51,2461.37,1,0,0,1,45,1,0
CUST-00952,3,month-to-month,60.93,168.28,2,2,1,1,47,0,0
CUST-00953,35,one-year,81.9,2882.89,2,0,0,0,32,1,0
CUST-00954,44,two-year,58.37,2644.39,1,0,1,1,59,1,0
CUST-00955,4,month-to-month,43.33,169.53,2,1,1,1,48,1,1
CUST-00956,6,month-to-month,29.53,170.57,1,4,1,1,44,1,1
CUST-00957,25,month-to-month,87.21,2100.02,2,1,2,0,25,1,1
CUST-00958,10,month-to-month,76.53,712.16,1,0,0,1,45,1,0
CUST-00959,40,one-year,60.81,2309.02,1,1,0,1,18,1,0
CUST-00960,42,month-to-month,81.92,3355.43,1,2,1,1,36,1,1
CUST-00961,10,one-year,98.02,948.35,3,1,0,0,36,1,1
CUST-00962,7,month-to-month,91.31,626.36,3,2,1,0,49,1,0
CUST-00963,16,month-to-month,74.6,1209.59,4,1,0,1,73,1,0
CUST-00964,1,month-to-month,98.17,92.75,2,2,1,1,53,1,1
CUST-00965,14,two-year,76.65,990.52,2,0,0,0,66,1,0
CUST-00966,11,one-year,60.05,610.48,2,3,2,1,54,1,0
CUST-00967,52,month-to-month,66.97,3255.24,3,3,2,0,61,1,1
CUST-00968,23,one-year,71.62,1618.85,2,0,0,0,72,1,0
CUST-00969,8,month-to-month,24.92,201.13,1,4,1,0,34,1,1
CUST-00970,5,month-to-month,79.59,404.93,2,0,1,1,33,1,0
CUST-00971,4,month-to-month,49.84,197.34,2,0,0,0,55,1,0
CUST-00972,21,two-year,61.67,1248.9,1,0,0,1,44,1,0
CUST-00973,13,one-year,45.61,555.57,1,0,1,1,48,1,1
CUST-00974,17,one-year,50.24,823.47,1,0,1,1,41,1,0
CUST-00975,21,month-to-month,65.38,1313.35,3,0,1,1,36,1,0
CUST-00976,13,month-to-month,52.1,687.94,1,3,0,1,69,1,0
CUST-00977,31,one-year,113.01,3410.61,3,1,0,0,28,1,0
CUST-00978,11,month-to-month,79.93,830.77,1,2,1,1,55,1,1
CUST-00979,56,two-year,85.38,4550.67,3,0,0,1,52,1,0
CUST-00980,30,one-year,54.54,1529.87,1,4,1,0,21,1,0
CUST-00981,17,month-to-month,94.2,1635.1,3,0,2,1,32,1,1
CUST-00982,26,one-year,87.34,2101.75,2,1,1,1,35,1,0
CUST-00983,21,two-year,40.06,775.15,1,0,1,1,53,1,0
CUST-00984,12,month-to-month,53.61,604.8,1,0,0,0,39,1,0
CUST-00985,16,one-year,22.2,358.47,1,2,0,1,43,1,0
CUST-00986,19,two-year,75.22,1397.14,1,0,0,0,23,1,1
CUST-00987,4,month-to-month,104.17,412.03,2,3,1,1,79,1,0
CUST-00988,34,two-year,92.44,3015.2,4,0,1,1,46,1,0
CUST-00989,29,month-to-month,28.75,773.35,2,2,0,1,52,1,0
CUST-00990,25,one-year,77.96,1976.63,2,0,0,1,36,1,0
CUST-00991,18,one-year,38.73,656.08,1,0,0,1,35,1,0
CUST-00992,63,one-year,67.06,3902.16,3,0,0,0,73,1,0
CUST-00993,8,month-to-month,90.28,709.96,3,2,1,1,18,1,1
CUST-00994,23,one-year,59.58,1273.27,1,2,0,0,49,1,0
CUST-00995,32,month-to-month,82.21,2447.97,4,0,1,0,26,1,0
CUST-00996,5,month-to-month,43.31,218.29,1,2,1,0,38,1,0
CUST-00997,23,month-to-month,81.27,1820.75,3,1,2,1,35,1,0
CUST-00998,51,one-year,83.63,4037.23,4,0,0,1,30,1,0
CUST-00999,14,month-to-month,47.03,631.0,2,2,0,0,45,1,0
CUST-01000,16,month-to-month,49.01,784.33,1,2,0,0,18,1,1
